id,nameEng,nameRus,rating,date,year,link
1,District 9,Район №9,10,"09.09.2009, 15:34",2009,https://www.kinopoisk.ru/film/397494/
2,X-Men Origins: Wolverine,Люди Икс: Начало. Росомаха,9,"09.09.2009, 15:34",2009,https://www.kinopoisk.ru/film/104904/
3,Up,Вверх,10,"09.09.2009, 15:35",2009,https://www.kinopoisk.ru/film/325381/
4,Coraline,Коралина в Стране Кошмаров,8,"09.09.2009, 15:35",2008,https://www.kinopoisk.ru/film/49166/
5,Star Trek,Звездный путь,9,"09.09.2009, 15:36",2009,https://www.kinopoisk.ru/film/255129/
6,Knowing,Знамение,9,"09.09.2009, 15:36",2009,https://www.kinopoisk.ru/film/102510/
7,Election Day,День выборов,8,"09.09.2009, 15:37",2007,https://www.kinopoisk.ru/film/309408/
8,The Pink Panther 2,Розовая пантера 2,8,"09.09.2009, 15:38",2009,https://www.kinopoisk.ru/film/259475/
9,Yes Man,Всегда говори «ДА»,9,"09.09.2009, 15:38",2008,https://www.kinopoisk.ru/film/391772/
10,WALL·E,ВАЛЛ·И,10,"09.09.2009, 15:39",2008,https://www.kinopoisk.ru/film/279102/
11,Flushed Away,Смывайся,6,"09.09.2009, 15:40",2006,https://www.kinopoisk.ru/film/83792/
12,Shrek,Шрэк,8,"09.09.2009, 15:40",2001,https://www.kinopoisk.ru/film/430/
13,Shrek 2,Шрэк 2,9,"09.09.2009, 15:40",2004,https://www.kinopoisk.ru/film/5273/
14,Kung Fu Panda,Кунг-фу Панда,9,"09.09.2009, 15:41",2008,https://www.kinopoisk.ru/film/103734/
15,The Incredibles,Суперсемейка,7,"09.09.2009, 15:42",2004,https://www.kinopoisk.ru/film/38903/
16,Scary Movie,Очень страшное кино,2,"09.09.2009, 15:44",2000,https://www.kinopoisk.ru/film/5932/
17,Kill Bill: Vol. 1,Убить Билла,9,"09.09.2009, 15:45",2003,https://www.kinopoisk.ru/film/2717/
18,Kill Bill: Vol. 2,Убить Билла 2,9,"09.09.2009, 15:45",2004,https://www.kinopoisk.ru/film/47015/
19,Harry Potter and the Half-Blood Prince,Гарри Поттер и Принц-полукровка,8,"09.09.2009, 15:47",2009,https://www.kinopoisk.ru/film/89515/
20,Forrest Gump,Форрест Гамп,9,"09.09.2009, 15:47",1994,https://www.kinopoisk.ru/film/448/
21,Slumdog Millionaire,Миллионер из трущоб,10,"09.09.2009, 15:50",2008,https://www.kinopoisk.ru/film/413362/
22,Gamer,Геймер,8,"13.09.2009, 15:47",2009,https://www.kinopoisk.ru/film/325393/
23,Crank,Адреналин,7,"13.09.2009, 15:50",2006,https://www.kinopoisk.ru/film/180609/
24,Surrogates,Суррогаты,6,"26.09.2009, 18:20",2009,https://www.kinopoisk.ru/film/397671/
25,Transformers: Revenge of the Fallen,Трансформеры: Месть падших,10,"02.10.2009, 22:27",2009,https://www.kinopoisk.ru/film/373391/
26,Zombieland,Добро пожаловать в Zомбилэнд,10,"10.10.2009, 19:49",2009,https://www.kinopoisk.ru/film/427122/
27,Cloudy with a Chance of Meatballs,"Облачно, возможны осадки в виде фрикаделек",9,"25.10.2009, 21:45",2009,https://www.kinopoisk.ru/film/276363/
28,Liar Liar,"Лжец, лжец",9,"26.10.2009, 16:41",1997,https://www.kinopoisk.ru/film/1721/
29,Bruce Almighty,Брюс Всемогущий,8,"26.10.2009, 16:43",2003,https://www.kinopoisk.ru/film/39577/
30,Click,Клик: С пультом по жизни,9,"26.10.2009, 16:43",2006,https://www.kinopoisk.ru/film/77576/
31,Evan Almighty,Эван Всемогущий,9,"26.10.2009, 16:45",2007,https://www.kinopoisk.ru/film/103791/
32,The Dark Knight,Темный рыцарь,10,"07.11.2009, 21:31",2008,https://www.kinopoisk.ru/film/111543/
33,2012,2012,10,"14.11.2009, 21:09",2009,https://www.kinopoisk.ru/film/413447/
34,Ninja Assassin,Ниндзя-убийца,9,"06.12.2009, 02:04",2009,https://www.kinopoisk.ru/film/406353/
35,The Final Destination,Пункт назначения 4,9,"13.12.2009, 22:29",2009,https://www.kinopoisk.ru/film/405753/
36,Horsemen,Всадники апокалипсиса,6,"18.12.2009, 22:27",2008,https://www.kinopoisk.ru/film/271835/
37,Avatar,Аватар,10,"20.12.2009, 15:04",2009,https://www.kinopoisk.ru/film/251733/
38,Pirates of the Caribbean: The Curse of the Black Pearl,Пираты Карибского моря: Проклятие Черной жемчужины,9,"23.12.2009, 16:18",2003,https://www.kinopoisk.ru/film/4374/
39,Madagascar,Мадагаскар,8,"23.12.2009, 16:18",2005,https://www.kinopoisk.ru/film/6006/
40,Van Helsing,Ван Хельсинг,8,"23.12.2009, 16:25",2004,https://www.kinopoisk.ru/film/3491/
41,Taxi,Такси,8,"27.12.2009, 17:05",1998,https://www.kinopoisk.ru/film/14349/
42,Taxi 2,Такси 2,8,"27.12.2009, 17:06",2000,https://www.kinopoisk.ru/film/854/
43,Taxi 3,Такси 3,8,"27.12.2009, 17:07",2003,https://www.kinopoisk.ru/film/14339/
44,Taxi 4,Такси 4,8,"27.12.2009, 17:07",2007,https://www.kinopoisk.ru/film/258478/
45,Black Lightning,Чёрная Молния,7,"28.12.2009, 20:42",2009,https://www.kinopoisk.ru/film/439906/
46,Sherlock Holmes,Шерлок Холмс,9,"03.01.2010, 22:34",2009,https://www.kinopoisk.ru/film/420923/
47,South Park: Bigger Longer &amp; Uncut,"Южный Парк: Большой, длинный, необрезанный",9,"10.01.2010, 19:03",1999,https://www.kinopoisk.ru/film/2407/
48,Samyy luchshiy film 2,Самый лучший фильм 2,5,"24.01.2010, 16:37",2009,https://www.kinopoisk.ru/film/416089/
49,Samyy luchshiy film,Самый лучший фильм,4,"24.01.2010, 16:38",2007,https://www.kinopoisk.ru/film/277385/
50,Nasha Russia. Yaytsa sudby,Наша Russia: Яйца судьбы,7,"24.01.2010, 21:31",2010,https://www.kinopoisk.ru/film/416090/
51,The Wolfman,Человек-волк,7,"22.02.2010, 20:02",2010,https://www.kinopoisk.ru/film/273293/
52,Step Up,Шаг вперед,8,"04.03.2010, 17:10",2006,https://www.kinopoisk.ru/film/167491/
53,Step Up 2: The Streets,Шаг вперед 2: Улицы,8,"04.03.2010, 17:10",2008,https://www.kinopoisk.ru/film/310960/
54,Up in the Air,Мне бы в небо,9,"09.03.2010, 00:19",2009,https://www.kinopoisk.ru/film/464130/
55,The Men Who Stare at Goats,Безумный спецназ,7,"12.03.2010, 22:31",2009,https://www.kinopoisk.ru/film/427170/
56,What Men Talk About,О чём говорят мужчины,9,"14.03.2010, 12:45",2010,https://www.kinopoisk.ru/film/468102/
57,The Hurt Locker,Повелитель бури,10,"27.03.2010, 22:52",2008,https://www.kinopoisk.ru/film/281040/
58,How I Ended This Summer,Как я провёл этим летом,8,"05.04.2010, 16:49",2010,https://www.kinopoisk.ru/film/419453/
59,Kick-Ass,Пипец,10,"11.04.2010, 18:49",2010,https://www.kinopoisk.ru/film/419200/
60,Hooked,На игре,8,"18.04.2010, 17:23",2009,https://www.kinopoisk.ru/film/424516/
61,Hooked 2: Next Level,На игре 2. Новый уровень,8,"18.04.2010, 17:23",2010,https://www.kinopoisk.ru/film/451258/
62,Dark Planet,Обитаемый остров,5,"18.04.2010, 17:24",2008,https://www.kinopoisk.ru/film/257774/
63,Dark Planet: Rebellion,Обитаемый остров: Схватка,6,"18.04.2010, 17:24",2009,https://www.kinopoisk.ru/film/374715/
64,Iron Man 2,Железный человек 2,9,"29.04.2010, 21:44",2010,https://www.kinopoisk.ru/film/411924/
65,Shrek Forever After,Шрэк навсегда,8,"20.05.2010, 20:43",2010,https://www.kinopoisk.ru/film/271806/
66,Shrek the Third,Шрэк Третий,8,"20.05.2010, 20:54",2007,https://www.kinopoisk.ru/film/84020/
67,0:10,0:10,10,"25.05.2010, 20:56",2009,
68,Prince of Persia: The Sands of Time,Принц Персии: Пески времени,8,"28.05.2010, 20:04",2010,https://www.kinopoisk.ru/film/195394/
69,Alice in Wonderland,Алиса в Стране чудес,5,"02.06.2010, 22:11",2010,https://www.kinopoisk.ru/film/405609/
70,Old Dogs,Так себе каникулы,7,"02.06.2010, 22:17",2009,https://www.kinopoisk.ru/film/281006/
71,Toy Story 3,История игрушек: Большой побег,9,"19.06.2010, 19:09",2010,https://www.kinopoisk.ru/film/258328/
72,Happy Feet,Делай ноги,4,"25.06.2010, 15:36",2006,https://www.kinopoisk.ru/film/61359/
73,Surf's Up,Лови волну!,9,"26.06.2010, 14:34",2007,https://www.kinopoisk.ru/film/84485/
74,Inception,Начало,10,"29.07.2010, 11:39",2010,https://www.kinopoisk.ru/film/447301/
75,The Expendables,Неудержимые,8,"11.08.2010, 22:54",2010,https://www.kinopoisk.ru/film/432550/
76,Inglourious Basterds,Бесславные ублюдки,10,"15.08.2010, 16:50",2009,https://www.kinopoisk.ru/film/9691/
77,Machete,Мачете,9,"04.09.2010, 16:45",2010,https://www.kinopoisk.ru/film/467553/
78,The American,Американец,5,"05.09.2010, 18:40",2010,https://www.kinopoisk.ru/film/485083/
79,The Edge,Край,5,"24.09.2010, 20:12",2010,https://www.kinopoisk.ru/film/460432/
80,Buried,Погребенный заживо,10,"17.10.2010, 16:25",2010,https://www.kinopoisk.ru/film/470656/
81,The Town,Город воров,6,"22.10.2010, 18:31",2010,https://www.kinopoisk.ru/film/462732/
82,The Social Network,Социальная сеть,7,"01.11.2010, 02:37",2010,https://www.kinopoisk.ru/film/427198/
83,Fortress of War,Брестская крепость,9,"06.11.2010, 18:21",2010,https://www.kinopoisk.ru/film/436263/
84,Tron,Трон: Наследие,8,"28.12.2010, 23:44",2010,https://www.kinopoisk.ru/film/399959/
85,The Duchess,Герцогиня,7,"29.12.2010, 23:31",2008,https://www.kinopoisk.ru/film/393872/
86,Never Back Down,Никогда не сдавайся,9,"23.01.2011, 22:07",2008,https://www.kinopoisk.ru/film/311268/
87,Super 8,Супер 8,9,"16.06.2011, 22:28",2011,https://www.kinopoisk.ru/film/517433/
88,Chatroom,Чат,7,"17.06.2011, 22:27",2010,https://www.kinopoisk.ru/film/433210/
89,Green Lantern,Зеленый Фонарь,5,"22.06.2011, 18:53",2011,https://www.kinopoisk.ru/film/406294/
90,Megamind,Мегамозг,10,"26.06.2011, 23:51",2010,https://www.kinopoisk.ru/film/405608/
91,Transformers: Dark of the Moon,Трансформеры 3: Тёмная сторона Луны,7,"14.07.2011, 13:52",2011,https://www.kinopoisk.ru/film/452899/
92,The Joneses,Семейка Джонсов,9,"14.07.2011, 13:53",2010,https://www.kinopoisk.ru/film/424579/
93,G-Force,Миссия Дарвина,3,"29.07.2011, 00:50",2009,https://www.kinopoisk.ru/film/88202/
94,Rio,Рио,9,"29.07.2011, 00:57",2011,https://www.kinopoisk.ru/film/465674/
95,Requiem for a Dream,Реквием по мечте,9,"09.10.2011, 00:24",2000,https://www.kinopoisk.ru/film/367/
96,Real Steel,Живая сталь,8,"09.10.2011, 00:25",2011,https://www.kinopoisk.ru/film/88198/
97,Johnny English Reborn,Агент Джонни Инглиш: Перезагрузка,7,"09.10.2011, 00:25",2011,https://www.kinopoisk.ru/film/507676/
98,30 Minutes or Less,Успеть за 30 минут,8,"09.10.2011, 00:26",2011,https://www.kinopoisk.ru/film/506133/
99,The Three Musketeers,Мушкетёры,5,"19.10.2011, 19:26",2011,https://www.kinopoisk.ru/film/474752/
100,What Else Men Talk About,О чём ещё говорят мужчины,8,"02.01.2012, 01:04",2011,https://www.kinopoisk.ru/film/502733/
101,Enemy at the Gates,Враг у ворот,9,"26.02.2012, 15:57",2001,https://www.kinopoisk.ru/film/659/
102,The Hunger Games,Голодные игры,8,"24.03.2012, 02:10",2012,https://www.kinopoisk.ru/film/468581/
103,The Avengers,Мстители,9,"01.05.2012, 19:32",2012,https://www.kinopoisk.ru/film/263531/
104,The Terminator,Терминатор,8,"10.06.2012, 18:01",1984,https://www.kinopoisk.ru/film/507/
105,Terminator 2: Judgment Day,Терминатор 2: Судный день,9,"10.06.2012, 18:02",1991,https://www.kinopoisk.ru/film/444/
106,The Dictator,Диктатор,8,"13.06.2012, 23:14",2012,https://www.kinopoisk.ru/film/518040/
107,The Amazing Spider-Man,Новый Человек-паук,6,"09.07.2012, 17:19",2012,https://www.kinopoisk.ru/film/278217/
108,The Dark Knight Rises,Темный рыцарь: Возрождение легенды,9,"28.07.2012, 01:50",2012,https://www.kinopoisk.ru/film/437410/
109,Ted,Третий лишний,9,"02.08.2012, 23:30",2012,https://www.kinopoisk.ru/film/507817/
110,Total Recall,Вспомнить всё,5,"10.08.2012, 03:19",2012,https://www.kinopoisk.ru/film/453374/
111,The Expendables 2,Неудержимые 2,8,"25.08.2012, 19:14",2012,https://www.kinopoisk.ru/film/571288/
112,Dredd,Судья Дредд,8,"29.09.2012, 17:51",2012,https://www.kinopoisk.ru/film/437678/
113,The Cabin in the Woods,Хижина в лесу,7,"30.09.2012, 04:20",2011,https://www.kinopoisk.ru/film/419209/
114,Hit and Run,Хватай и беги,5,"30.09.2012, 04:21",2012,https://www.kinopoisk.ru/film/645029/
115,Mamma Mia!,Мамма MIA!,4,"30.09.2012, 21:09",2008,https://www.kinopoisk.ru/film/276478/
116,Project X,Проект X: Дорвались,8,"14.10.2012, 00:27",2012,https://www.kinopoisk.ru/film/507440/
117,Taken 2,Заложница 2,6,"20.10.2012, 03:40",2012,https://www.kinopoisk.ru/film/453544/
118,Horrible Bosses,Несносные боссы,8,"21.10.2012, 01:44",2011,https://www.kinopoisk.ru/film/471628/
119,21 Jump Street,Мачо и ботан,9,"26.10.2012, 02:50",2012,https://www.kinopoisk.ru/film/413080/
120,Skyfall,007: Координаты «Скайфолл»,6,"28.10.2012, 22:41",2012,https://www.kinopoisk.ru/film/408871/
121,Seven Psychopaths,Семь психопатов,8,"30.10.2012, 19:16",2012,https://www.kinopoisk.ru/film/586584/
122,Cloud Atlas,Облачный атлас,10,"02.11.2012, 22:41",2012,https://www.kinopoisk.ru/film/464484/
123,(500) Days of Summer,500 дней лета,6,"11.11.2012, 02:33",2009,https://www.kinopoisk.ru/film/409372/
124,The Twilight Saga: Breaking Dawn - Part 2,Сумерки. Сага. Рассвет: Часть 2,2,"17.11.2012, 21:29",2012,https://www.kinopoisk.ru/film/527662/
125,Ruby Sparks,Руби Спаркс,9,"18.11.2012, 01:28",2012,https://www.kinopoisk.ru/film/582390/
126,Vanilla Sky,Ванильное небо,10,"26.11.2012, 16:23",2001,https://www.kinopoisk.ru/film/870/
127,Premium Rush,Срочная доставка,6,"26.11.2012, 16:23",2012,https://www.kinopoisk.ru/film/489415/
128,"The Irony of Fate, or Enjoy Your Bath!","Ирония судьбы, или С легким паром!",8,"01.01.2013, 21:17",1975,https://www.kinopoisk.ru/film/77331/
129,The Irony of Fate 2,Ирония судьбы. Продолжение,7,"01.01.2013, 21:17",2007,https://www.kinopoisk.ru/film/276261/
130,Tarif Novogodniy,Тариф Новогодний,8,"01.01.2013, 21:18",2008,https://www.kinopoisk.ru/film/406141/
131,"Dzhentlmeny, udachi!","Джентльмены, удачи!",9,"03.01.2013, 01:56",2012,https://www.kinopoisk.ru/film/608706/
132,Despicable Me,Гадкий я,8,"12.01.2013, 12:56",2010,https://www.kinopoisk.ru/film/432724/
133,Django Unchained,Джанго освобожденный,9,"21.01.2013, 01:42",2012,https://www.kinopoisk.ru/film/586397/
134,Le Fabuleux destin d'Amélie Poulain,Амели,9,"08.02.2013, 20:43",2001,https://www.kinopoisk.ru/film/341/
135,Moonrise Kingdom,Королевство полной луны,8,"24.02.2013, 03:45",2012,https://www.kinopoisk.ru/film/571892/
136,V for Vendetta,«V» значит Вендетта,9,"02.03.2013, 17:13",2006,https://www.kinopoisk.ru/film/86208/
137,Just Go with It,Притворись моей женой,7,"04.03.2013, 02:09",2011,https://www.kinopoisk.ru/film/490323/
138,Argo,Операция «Арго»,5,"04.03.2013, 20:44",2012,https://www.kinopoisk.ru/film/462487/
139,50 First Dates,50 первых поцелуев,9,"07.04.2013, 20:49",2004,https://www.kinopoisk.ru/film/1794/
140,Hesher,Хешер,9,"13.04.2013, 22:58",2010,https://www.kinopoisk.ru/film/455190/
141,Silver Linings Playbook,Мой парень – псих,9,"03.05.2013, 20:00",2012,https://www.kinopoisk.ru/film/462938/
142,The Great Gatsby,Великий Гэтсби,9,"20.05.2013, 03:45",2013,https://www.kinopoisk.ru/film/463724/
143,Brüno,Бруно,8,"01.06.2013, 21:08",2009,https://www.kinopoisk.ru/film/271802/
144,Lost in Translation,Трудности перевода,9,"13.06.2013, 07:08",2003,https://www.kinopoisk.ru/film/5930/
145,The Iron Giant,Стальной гигант,9,"13.06.2013, 19:55",1999,https://www.kinopoisk.ru/film/538/
146,It's Kind of a Funny Story,Это очень забавная история,9,"14.06.2013, 06:51",2010,https://www.kinopoisk.ru/film/463210/
147,Erin Brockovich,Эрин Брокович,9,"15.06.2013, 06:58",2000,https://www.kinopoisk.ru/film/661/
148,Metro,Метро,9,"19.06.2013, 06:29",2012,https://www.kinopoisk.ru/film/521689/
149,The Curious Case of Benjamin Button,Загадочная история Бенджамина Баттона,10,"21.06.2013, 07:27",2008,https://www.kinopoisk.ru/film/81555/
150,Tower Heist,Как украсть небоскреб,7,"22.06.2013, 05:32",2011,https://www.kinopoisk.ru/film/195223/
151,No Strings Attached,Больше чем секс,8,"24.06.2013, 06:34",2010,https://www.kinopoisk.ru/film/502937/
152,17 Again,Папе снова 17,8,"27.06.2013, 05:34",2009,https://www.kinopoisk.ru/film/395066/
153,21 &amp; Over,21 и больше,7,"02.07.2013, 05:32",2013,https://www.kinopoisk.ru/film/566387/
154,This Is the End,Конец света 2013: Апокалипсис по-голливудски,9,"06.07.2013, 01:58",2013,https://www.kinopoisk.ru/film/462514/
155,Inadequate People,Неадекватные люди,10,"07.08.2013, 23:16",2010,https://www.kinopoisk.ru/film/542581/
156,Radio Day,День радио,7,"08.08.2013, 19:44",2008,https://www.kinopoisk.ru/film/402979/
157,Election Day,День выборов,8,"08.08.2013, 19:44",2009,https://www.kinopoisk.ru/film/473820/
158,Source Code,Исходный код,8,"10.08.2013, 01:33",2011,https://www.kinopoisk.ru/film/409295/
159,Get Smart,Напряги извилины,7,"12.08.2013, 17:55",2008,https://www.kinopoisk.ru/film/87178/
160,The Money Pit,Прорва,8,"14.08.2013, 21:08",1986,https://www.kinopoisk.ru/film/6883/
161,Law Abiding Citizen,Законопослушный гражданин,9,"20.08.2013, 01:37",2009,https://www.kinopoisk.ru/film/406408/
162,Zakrytye prostranstva,Закрытые пространства,7,"20.08.2013, 01:38",2008,https://www.kinopoisk.ru/film/414915/
163,The Painted Veil,Разрисованная вуаль,8,"20.08.2013, 01:38",2006,https://www.kinopoisk.ru/film/102201/
164,Like Crazy,Как сумасшедший,7,"20.08.2013, 01:40",2011,https://www.kinopoisk.ru/film/571337/
165,Léon,Леон,10,"20.08.2013, 06:48",1994,https://www.kinopoisk.ru/film/389/
166,The Ugly Truth,Голая правда,8,"22.08.2013, 08:12",2009,https://www.kinopoisk.ru/film/398239/
167,The Hangover Part III,Мальчишник: Часть III,9,"02.09.2013, 19:12",2013,https://www.kinopoisk.ru/film/600847/
168,Zack and Miri Make a Porno,Зак и Мири снимают порно,6,"05.09.2013, 03:00",2008,https://www.kinopoisk.ru/film/405602/
169,Knockin' on Heaven's Door,Достучаться до небес,10,"05.09.2013, 03:00",1997,https://www.kinopoisk.ru/film/32898/
170,Pineapple Express,"Ананасовый экспресс: Сижу, курю",8,"06.09.2013, 16:19",2008,https://www.kinopoisk.ru/film/279596/
171,A Few Best Men,Свадебный разгром,8,"06.09.2013, 21:48",2011,https://www.kinopoisk.ru/film/512801/
172,The 40 Year Old Virgin,Сорокалетний девственник,8,"16.09.2013, 00:46",2005,https://www.kinopoisk.ru/film/81976/
173,Fear and Loathing in Las Vegas,Страх и ненависть в Лас-Вегасе,4,"29.09.2013, 14:54",1998,https://www.kinopoisk.ru/film/4385/
174,Harold &amp; Kumar Go to White Castle,Гарольд и Кумар уходят в отрыв,9,"02.10.2013, 00:06",2004,https://www.kinopoisk.ru/film/39881/
175,Nick and Norah's Infinite Playlist,Будь моим парнем на пять минут,6,"05.10.2013, 18:36",2008,https://www.kinopoisk.ru/film/397236/
176,Gravity,Гравитация,10,"10.10.2013, 02:22",2013,https://www.kinopoisk.ru/film/468466/
177,Don Jon,Страсти Дон Жуана,8,"12.10.2013, 02:30",2013,https://www.kinopoisk.ru/film/666731/
178,Thor: The Dark World,Тор 2: Царство тьмы,7,"03.11.2013, 00:39",2013,https://www.kinopoisk.ru/film/595938/
179,Youth in Revolt,Бунтующая юность,8,"03.11.2013, 00:39",2009,https://www.kinopoisk.ru/film/197324/
180,Machete Kills,Мачете убивает,7,"03.11.2013, 00:40",2013,https://www.kinopoisk.ru/film/601022/
181,Easy A,Отличница лёгкого поведения,8,"13.11.2013, 01:41",2010,https://www.kinopoisk.ru/film/463046/
182,The Hunger Games: Catching Fire,Голодные игры: И вспыхнет пламя,8,"24.11.2013, 06:02",2013,https://www.kinopoisk.ru/film/602373/
183,Snatch,Большой куш,9,"22.12.2013, 10:28",2000,https://www.kinopoisk.ru/film/526/
184,Shutter Island,Остров проклятых,8,"26.12.2013, 01:56",2009,https://www.kinopoisk.ru/film/397667/
185,Runner Runner,Va-банк,7,"02.01.2014, 01:59",2013,https://www.kinopoisk.ru/film/677880/
186,Now You See Me,Иллюзия обмана,9,"03.01.2014, 00:41",2013,https://www.kinopoisk.ru/film/522892/
187,The Wolf of Wall Street,Волк с Уолл-стрит,9,"03.01.2014, 23:25",2013,https://www.kinopoisk.ru/film/462682/
188,Jobs,Джобс: Империя соблазна,6,"05.01.2014, 00:54",2013,https://www.kinopoisk.ru/film/677798/
189,The Other Guys,Копы в глубоком запасе,8,"08.01.2014, 06:00",2010,https://www.kinopoisk.ru/film/462466/
190,Grudge Match,Забойный реванш,9,"16.01.2014, 18:20",2013,https://www.kinopoisk.ru/film/543838/
191,The Geographer Drank His Globe Away,Географ глобус пропил,9,"24.01.2014, 03:34",2013,https://www.kinopoisk.ru/film/653696/
192,Filth,Грязь,10,"25.01.2014, 02:40",2013,https://www.kinopoisk.ru/film/467293/
193,About Time,Бойфренд из будущего,8,"18.02.2014, 22:18",2013,https://www.kinopoisk.ru/film/662596/
194,Bad Grandpa,Несносный дед,8,"22.02.2014, 14:16",2013,https://www.kinopoisk.ru/film/780451/
195,Her,Она,6,"07.03.2014, 17:43",2013,https://www.kinopoisk.ru/film/577488/
196,300: Rise of an Empire,300 спартанцев: Расцвет империи,8,"08.03.2014, 00:27",2013,https://www.kinopoisk.ru/film/418839/
197,American Hustle,Афера по-американски,8,"09.03.2014, 02:36",2013,https://www.kinopoisk.ru/film/635177/
198,Captain America: The Winter Soldier,Первый мститель: Другая война,6,"13.04.2014, 03:42",2014,https://www.kinopoisk.ru/film/676266/
199,The Amazing Spider-Man 2,Новый Человек-паук: Высокое напряжение,8,"18.04.2014, 19:15",2014,https://www.kinopoisk.ru/film/602409/
200,Hannah Arendt,Ханна Арендт,7,"18.04.2014, 19:15",2012,https://www.kinopoisk.ru/film/557690/
201,How I Met Your Mother,Как я встретил вашу маму,9,"20.04.2014, 01:39",2014,https://www.kinopoisk.ru/series/401522/
202,Captain America: The First Avenger,Первый мститель,8,"20.04.2014, 02:05",2011,https://www.kinopoisk.ru/film/160946/
203,Iron Man Three,Железный человек 3,6,"20.04.2014, 02:06",2013,https://www.kinopoisk.ru/film/462762/
204,Man of Steel,Человек из стали,7,"11.05.2014, 02:24",2013,https://www.kinopoisk.ru/film/252667/
205,Godzilla,Годзилла,10,"16.05.2014, 16:14",2014,https://www.kinopoisk.ru/film/260991/
206,X-Men: Days of Future Past,Люди Икс: Дни минувшего будущего,7,"27.05.2014, 04:15",2014,https://www.kinopoisk.ru/film/597687/
207,Paulette,Полетта,8,"27.05.2014, 04:18",2012,https://www.kinopoisk.ru/film/667025/
208,Fight Club,Бойцовский клуб,8,"29.05.2014, 04:10",1999,https://www.kinopoisk.ru/film/361/
209,Drive,Драйв,7,"29.05.2014, 04:11",2011,https://www.kinopoisk.ru/film/276598/
210,"Crazy, Stupid, Love.",Эта дурацкая любовь,8,"29.05.2014, 04:12",2011,https://www.kinopoisk.ru/film/493992/
211,Oblivion,Обливион,9,"06.06.2014, 07:09",2013,https://www.kinopoisk.ru/film/470185/
212,Edge of Tomorrow,Грань будущего,9,"06.06.2014, 07:09",2014,https://www.kinopoisk.ru/film/505851/
213,The Notebook,Дневник памяти,8,"22.07.2014, 13:46",2004,https://www.kinopoisk.ru/film/3561/
214,The Maze Runner,Бегущий в лабиринте,8,"20.09.2014, 03:10",2014,https://www.kinopoisk.ru/film/575613/
215,Gone Girl,Исчезнувшая,8,"10.10.2014, 02:45",2014,https://www.kinopoisk.ru/film/692861/
216,Fury,Ярость,8,"29.10.2014, 03:08",2014,https://www.kinopoisk.ru/film/740644/
217,Wish I Was Here,Хотел бы я быть здесь,7,"29.10.2014, 03:11",2014,https://www.kinopoisk.ru/film/760376/
218,Interstellar,Интерстеллар,10,"08.11.2014, 03:48",2014,https://www.kinopoisk.ru/film/258687/
219,Good Bye Lenin!,"Гуд бай, Ленин!",9,"10.11.2014, 00:50",2003,https://www.kinopoisk.ru/film/1549/
220,The Hunger Games: Mockingjay - Part 1,Голодные игры: Сойка-пересмешница. Часть I,6,"22.11.2014, 02:32",2014,https://www.kinopoisk.ru/film/661911/
221,Der bewegte Mann,Самый желанный мужчина,7,"26.11.2014, 16:53",1994,https://www.kinopoisk.ru/film/32902/
222,Seventh Son,Седьмой сын,6,"06.01.2015, 20:39",2014,https://www.kinopoisk.ru/film/408396/
223,Neighbors,Соседи. На тропе войны,6,"15.01.2015, 00:29",2014,https://www.kinopoisk.ru/film/602677/
224,Exodus: Gods and Kings,Исход: Цари и боги,5,"15.01.2015, 19:29",2014,https://www.kinopoisk.ru/film/484611/
225,Leviathan,Левиафан,10,"18.01.2015, 15:14",2014,https://www.kinopoisk.ru/film/705356/
226,The Wizard of Oz,Волшебник страны Оз,8,"25.01.2015, 00:45",1939,https://www.kinopoisk.ru/film/379/
227,Citizen Kane,Гражданин Кейн,8,"01.02.2015, 22:51",1941,https://www.kinopoisk.ru/film/331/
228,The Third Man,Третий человек,8,"10.02.2015, 00:55",1949,https://www.kinopoisk.ru/film/359/
229,Birdman or (The Unexpected Virtue of Ignorance),Бёрдмэн,9,"14.02.2015, 00:59",2014,https://www.kinopoisk.ru/film/722827/
230,The Birds,Птицы,7,"24.02.2015, 02:11",1963,https://www.kinopoisk.ru/film/559/
231,Kingsman: The Secret Service,Kingsman: Секретная служба,8,"03.03.2015, 04:48",2015,https://www.kinopoisk.ru/film/749540/
232,The Grand Budapest Hotel,Отель «Гранд Будапешт»,8,"05.03.2015, 23:56",2014,https://www.kinopoisk.ru/film/683999/
233,South Park,Южный Парк,8,"06.03.2015, 00:05",1997,https://www.kinopoisk.ru/series/161252/
234,The Interview,Интервью,8,"07.03.2015, 00:15",2014,https://www.kinopoisk.ru/film/745743/
235,North by Northwest,На север через северо-запад,7,"17.03.2015, 01:36",1959,https://www.kinopoisk.ru/film/343/
236,Rocket Singh: Salesman of the Year,Рокет Сингх: Продавец года,8,"18.03.2015, 23:33",2009,https://www.kinopoisk.ru/film/489623/
237,The Butterfly Effect,Эффект бабочки,9,"24.03.2015, 22:38",2003,https://www.kinopoisk.ru/film/5167/
238,Groundhog Day,День сурка,9,"25.03.2015, 23:59",1993,https://www.kinopoisk.ru/film/527/
239,Solaris,Солярис,8,"26.03.2015, 00:02",1972,https://www.kinopoisk.ru/film/43911/
240,Peeping Tom,Подглядывающий,8,"11.04.2015, 23:18",1960,https://www.kinopoisk.ru/film/8434/
241,The Return,Возвращение,8,"13.04.2015, 00:54",2003,https://www.kinopoisk.ru/film/47040/
242,Sherlock,Шерлок,9,"13.04.2015, 18:28",2017,https://www.kinopoisk.ru/series/502838/
243,Policeiskye budni,Полицейские будни,7,"13.04.2015, 18:28",2012,https://www.kinopoisk.ru/series/672938/
244,Friends,Друзья,9,"13.04.2015, 18:30",2004,https://www.kinopoisk.ru/series/77044/
245,Majki,Матери,7,"15.04.2015, 11:39",2010,https://www.kinopoisk.ru/film/504174/
246,Thelma &amp; Louise,Тельма и Луиза,8,"20.04.2015, 01:30",1991,https://www.kinopoisk.ru/film/2614/
247,Elena,Елена,7,"01.05.2015, 17:20",2011,https://www.kinopoisk.ru/film/501958/
248,The Banishment,Изгнание,6,"01.05.2015, 20:14",2007,https://www.kinopoisk.ru/film/225011/
249,Bloodrop 3D,Эксперимент 5ive: Тайна,5,"02.05.2015, 02:32",2011,
250,Apocrypha,Апокриф,7,"02.05.2015, 02:33",2009,
251,Mad Max: Fury Road,Безумный Макс: Дорога ярости,8,"17.05.2015, 01:35",2015,https://www.kinopoisk.ru/film/453406/
252,Dallas Buyers Club,Далласский клуб покупателей,9,"17.05.2015, 01:36",2013,https://www.kinopoisk.ru/film/260162/
253,Samba,Самба,7,"01.06.2015, 05:24",2014,https://www.kinopoisk.ru/film/817580/
254,Eternal Sunshine of the Spotless Mind,Вечное сияние чистого разума,9,"02.06.2015, 14:07",2004,https://www.kinopoisk.ru/film/5492/
255,Brat,Брат,7,"16.06.2015, 03:43",1997,https://www.kinopoisk.ru/film/41519/
256,Brat 2,Брат 2,9,"18.06.2015, 05:31",2000,https://www.kinopoisk.ru/film/41520/
257,Dr. Horrible's Sing-Along Blog,Музыкальный блог Доктора Ужасного,10,"11.08.2015, 07:14",2008,
258,Jupiter Ascending,Восхождение Юпитер,8,"08.09.2015, 00:07",2015,https://www.kinopoisk.ru/film/505966/
259,Big Hero 6,Город героев,7,"08.09.2015, 00:07",2014,https://www.kinopoisk.ru/film/693126/
260,"Was tun, wenn's brennt?",Что делать в случае пожара?,7,"04.10.2015, 10:47",2001,https://www.kinopoisk.ru/film/32895/
261,Star Wars: Episode VII - The Force Awakens,Звёздные войны: Пробуждение силы,9,"22.12.2015, 01:55",2015,https://www.kinopoisk.ru/film/714888/
262,Star Wars,Звёздные войны: Эпизод 4 – Новая надежда,8,"30.12.2015, 15:06",1977,https://www.kinopoisk.ru/film/333/
263,Inside Out,Головоломка,8,"02.01.2016, 23:23",2015,https://www.kinopoisk.ru/film/645118/
264,Fantastic Four,Фантастическая четверка,6,"06.01.2016, 20:35",2015,https://www.kinopoisk.ru/film/471642/
265,The F Word,Дружба и никакого секса?,6,"13.01.2016, 16:57",2013,https://www.kinopoisk.ru/film/470286/
266,The Hateful Eight,Омерзительная восьмерка,7,"16.01.2016, 21:18",2015,https://www.kinopoisk.ru/film/819101/
267,The Last Witch Hunter,Последний охотник на ведьм,6,"18.01.2016, 01:42",2015,https://www.kinopoisk.ru/film/506066/
268,Creed,Крид: Наследие Рокки,7,"19.01.2016, 17:19",2015,https://www.kinopoisk.ru/film/782932/
269,Black Mass,Черная месса,8,"20.01.2016, 00:02",2015,https://www.kinopoisk.ru/film/736205/
270,Frank,Фрэнк,8,"22.01.2016, 01:24",2013,https://www.kinopoisk.ru/film/506058/
271,The Secret Life of Walter Mitty,Невероятная жизнь Уолтера Митти,9,"23.01.2016, 03:07",2013,https://www.kinopoisk.ru/film/6034/
272,Little Miss Sunshine,Маленькая мисс Счастье,8,"24.01.2016, 02:16",2006,https://www.kinopoisk.ru/film/164089/
273,Flightplan,Иллюзия полета,9,"25.01.2016, 00:50",2005,https://www.kinopoisk.ru/film/81873/
274,EuroTrip,Евротур,8,"06.02.2016, 00:01",2004,https://www.kinopoisk.ru/film/5090/
275,Deadpool,Дэдпул,8,"12.02.2016, 04:28",2016,https://www.kinopoisk.ru/film/462360/
276,The Revenant,Выживший,8,"02.03.2016, 00:21",2015,https://www.kinopoisk.ru/film/522941/
277,Catch Me If You Can,"Поймай меня, если сможешь",8,"11.03.2016, 01:55",2002,https://www.kinopoisk.ru/film/324/
278,Batman v Superman: Dawn of Justice,Бэтмен против Супермена: На заре справедливости,6,"26.03.2016, 02:16",2016,https://www.kinopoisk.ru/film/770631/
279,Captain America: Civil War,Первый мститель: Противостояние,8,"19.05.2016, 22:53",2016,https://www.kinopoisk.ru/film/822708/
280,X-Men: Apocalypse,Люди Икс: Апокалипсис,6,"24.05.2016, 00:33",2016,https://www.kinopoisk.ru/film/814016/
281,Alice Through the Looking Glass,Алиса в Зазеркалье,8,"02.06.2016, 05:04",2016,https://www.kinopoisk.ru/film/723988/
282,The Big Short,Игра на понижение,7,"02.06.2016, 05:06",2015,https://www.kinopoisk.ru/film/501333/
283,Pulp Fiction,Криминальное чтиво,8,"02.06.2016, 05:11",1994,https://www.kinopoisk.ru/film/342/
284,X-Men: First Class,Люди Икс: Первый класс,9,"03.06.2016, 14:57",2011,https://www.kinopoisk.ru/film/462358/
285,22 Jump Street,Мачо и ботан 2,7,"20.06.2016, 18:27",2014,https://www.kinopoisk.ru/film/672899/
286,What Happens in Vegas,Однажды в Вегасе,7,"20.06.2016, 18:29",2008,https://www.kinopoisk.ru/film/317889/
287,Back to the Future,Назад в будущее,9,"21.06.2016, 05:06",1985,https://www.kinopoisk.ru/film/476/
288,Back to the Future Part II,Назад в будущее 2,8,"22.06.2016, 04:58",1989,https://www.kinopoisk.ru/film/5502/
289,End of Watch,Патруль,6,"02.08.2016, 07:25",2012,https://www.kinopoisk.ru/film/584405/
290,Spy,Шпион,7,"02.09.2016, 09:00",2015,https://www.kinopoisk.ru/film/782792/
291,Bridget Jones's Diary,Дневник Бриджит Джонс,7,"06.09.2016, 21:17",2001,https://www.kinopoisk.ru/film/621/
292,Bridget Jones: The Edge of Reason,Бриджит Джонс: Грани разумного,6,"08.09.2016, 15:36",2004,https://www.kinopoisk.ru/film/48173/
293,Cloverfield,Монстро,8,"14.09.2016, 06:56",2007,https://www.kinopoisk.ru/film/374718/
294,Borat: Cultural Learnings of America for Make Benefit Glorious Nation of Kazakhstan,Борат,10,"14.09.2016, 06:56",2006,https://www.kinopoisk.ru/film/102474/
295,The Nice Guys,Славные парни,7,"17.09.2016, 05:29",2016,https://www.kinopoisk.ru/film/841152/
296,Now You See Me 2,Иллюзия обмана 2,6,"18.09.2016, 07:58",2016,https://www.kinopoisk.ru/film/786958/
297,Sausage Party,Полный расколбас,7,"21.09.2016, 08:19",2016,https://www.kinopoisk.ru/film/557804/
298,Zoolander 2,Образцовый самец 2,5,"23.09.2016, 12:12",2016,https://www.kinopoisk.ru/film/528338/
299,Finding Dory,В поисках Дори,8,"05.10.2016, 00:08",2016,https://www.kinopoisk.ru/film/692957/
300,Doctor Strange,Доктор Стрэндж,5,"01.11.2016, 00:50",2016,https://www.kinopoisk.ru/film/409600/
301,Lola rennt,"Беги, Лола, беги",8,"12.11.2016, 22:40",1998,https://www.kinopoisk.ru/film/413/
302,Zhenikh,Жених,3,"18.11.2016, 00:19",2016,https://www.kinopoisk.ru/film/948999/
303,War Dogs,Парни со стволами,8,"04.12.2016, 15:55",2016,https://www.kinopoisk.ru/film/602749/
304,Grimsby,Братья из Гримсби,6,"07.12.2016, 02:41",2016,https://www.kinopoisk.ru/film/817481/
305,Fack ju Göhte,Зачётный препод,8,"21.12.2016, 22:46",2013,https://www.kinopoisk.ru/film/771978/
306,Türkisch für Anfänger,Турецкий для начинающих,8,"23.01.2017, 22:27",2008,https://www.kinopoisk.ru/series/404939/
307,La La Land,Ла-Ла Ленд,8,"03.02.2017, 22:27",2016,https://www.kinopoisk.ru/film/841081/
308,Resident Evil: The Final Chapter,Обитель зла: Последняя глава,4,"22.02.2017, 00:12",2016,https://www.kinopoisk.ru/film/726753/
309,Logan,Логан,9,"02.03.2017, 22:40",2017,https://www.kinopoisk.ru/film/807682/
310,The Lego Batman Movie,Лего Фильм: Бэтмен,7,"05.03.2017, 18:38",2017,https://www.kinopoisk.ru/film/843480/
311,Rain Man,Человек дождя,7,"08.03.2017, 01:34",1988,https://www.kinopoisk.ru/film/519/
312,Intouchables,1+1,7,"08.03.2017, 01:48",2011,https://www.kinopoisk.ru/film/535341/
313,Assassin's Creed,Кредо убийцы,3,"08.03.2017, 22:03",2016,https://www.kinopoisk.ru/film/690615/
314,The Student,Ученик,8,"12.03.2017, 17:32",2016,https://www.kinopoisk.ru/film/922150/
315,What We Do in the Shadows,Реальные упыри,9,"27.03.2017, 19:20",2014,https://www.kinopoisk.ru/film/818981/
316,Fack ju Göhte 2,Зачётный препод 2,7,"18.04.2017, 02:21",2015,https://www.kinopoisk.ru/film/840154/
317,Scott Pilgrim vs. the World,Скотт Пилигрим против всех,10,"03.05.2017, 04:25",2010,https://www.kinopoisk.ru/film/105948/
318,Guardians of the Galaxy Vol. 2,Стражи Галактики. Часть 2,7,"31.05.2017, 22:38",2017,https://www.kinopoisk.ru/film/841263/
319,The A-Team,Команда «А»,7,"31.05.2017, 22:40",2010,https://www.kinopoisk.ru/film/96452/
320,Dunkirk,Дюнкерк,8,"07.08.2017, 22:14",2017,https://www.kinopoisk.ru/film/931677/
321,Kong: Skull Island,Конг: Остров черепа,6,"08.08.2017, 01:01",2017,https://www.kinopoisk.ru/film/843147/
322,The Dark Tower,Тёмная башня,4,"13.08.2017, 01:10",2017,https://www.kinopoisk.ru/film/641780/
323,Valerian and the City of a Thousand Planets,Валериан и город тысячи планет,5,"14.08.2017, 21:27",2017,https://www.kinopoisk.ru/film/689960/
324,Electroma,Электрома,7,"23.08.2017, 14:21",2006,https://www.kinopoisk.ru/film/255369/
325,Loveless,Нелюбовь,8,"23.08.2017, 14:23",2017,https://www.kinopoisk.ru/film/963346/
326,Arrival,Прибытие,8,"31.08.2017, 01:17",2016,https://www.kinopoisk.ru/film/718811/
327,The Hitman's Bodyguard,Телохранитель киллера,6,"01.09.2017, 02:32",2017,https://www.kinopoisk.ru/film/835877/
328,Blokbaster,Блокбастер,4,"05.09.2017, 23:58",2017,https://www.kinopoisk.ru/film/980838/
329,Shaun of the Dead,Зомби по имени Шон,7,"06.09.2017, 23:18",2004,https://www.kinopoisk.ru/film/64021/
330,Stranger Things,Очень странные дела,8,"11.09.2017, 23:53",2024,https://www.kinopoisk.ru/series/915196/
331,Hardcore,Хардкор,6,"19.09.2017, 01:26",2016,https://www.kinopoisk.ru/film/778218/
332,Baby Driver,Малыш на драйве,8,"26.09.2017, 20:02",2017,https://www.kinopoisk.ru/film/902939/
333,Bednaya Sasha,Бедная Саша,7,"12.10.2017, 02:23",1997,https://www.kinopoisk.ru/film/41481/
334,Relatos salvajes,Дикие истории,9,"20.10.2017, 02:00",2014,https://www.kinopoisk.ru/film/775727/
335,Mistaken for Strangers,Принятые за незнакомцев,8,"05.11.2017, 23:23",2013,https://www.kinopoisk.ru/film/743811/
336,Watchmen,Хранители,9,"30.12.2017, 03:30",2009,https://www.kinopoisk.ru/film/252641/
337,The Last Warrior,Последний богатырь,6,"01.01.2018, 22:32",2017,https://www.kinopoisk.ru/film/976642/
338,Strana chudes,Страна чудес,5,"03.01.2018, 01:34",2015,https://www.kinopoisk.ru/film/842713/
339,Star Wars: Episode VIII - The Last Jedi,Звёздные войны: Последние джедаи,7,"04.01.2018, 20:58",2017,https://www.kinopoisk.ru/film/718223/
340,Iz Ufy s lyubovyu,Из Уфы с любовью,4,"04.01.2018, 23:46",2017,https://www.kinopoisk.ru/film/1009750/
341,The Disaster Artist,Горе-творец,7,"14.01.2018, 16:02",2017,https://www.kinopoisk.ru/film/828242/
342,Blade Runner 2049,Бегущий по лезвию 2049,8,"11.02.2018, 02:06",2017,https://www.kinopoisk.ru/film/589290/
343,The Death of Stalin,Смерть Сталина,8,"24.02.2018, 15:14",2017,https://www.kinopoisk.ru/film/972919/
344,DMB,ДМБ,7,"05.03.2018, 01:50",2000,https://www.kinopoisk.ru/film/41133/
345,Black Panther,Чёрная Пантера,5,"09.03.2018, 00:10",2018,https://www.kinopoisk.ru/film/623250/
346,Der Himmel über Berlin,Небо над Берлином,9,"10.03.2018, 01:42",1987,https://www.kinopoisk.ru/film/8403/
347,"Paris, Texas","Париж, Техас",8,"18.03.2018, 03:18",1984,https://www.kinopoisk.ru/film/4401/
348,Goodbye Christopher Robin,"Прощай, Кристофер Робин",6,"31.03.2018, 02:17",2017,https://www.kinopoisk.ru/film/993579/
349,BoJack Horseman,Конь БоДжек,8,"01.04.2018, 22:30",2020,https://www.kinopoisk.ru/series/818185/
350,Rick and Morty,Рик и Морти,8,"01.04.2018, 22:30",2013,https://www.kinopoisk.ru/series/685246/
351,Search Party,В поиске,9,"06.04.2018, 22:46",2022,https://www.kinopoisk.ru/series/1002689/
352,Ready Player One,Первому игроку приготовиться,3,"08.04.2018, 02:02",2018,https://www.kinopoisk.ru/film/538225/
353,Popstar: Never Stop Never Stopping,"Поп-звезда: Не переставай, не останавливайся",7,"11.04.2018, 02:03",2016,https://www.kinopoisk.ru/film/900813/
354,Avengers: Age of Ultron,Мстители: Эра Альтрона,6,"27.04.2018, 13:58",2015,https://www.kinopoisk.ru/film/679830/
355,Deadpool 2,Дэдпул 2,7,"17.05.2018, 21:44",2018,https://www.kinopoisk.ru/film/961715/
356,Venom,Веном,5,"03.10.2018, 23:50",2018,https://www.kinopoisk.ru/film/463634/
357,Replicas,Репродукция,2,"27.10.2018, 19:26",2017,https://www.kinopoisk.ru/film/843790/
358,Eighth Grade,Восьмой класс,7,"27.10.2018, 23:47",2018,https://www.kinopoisk.ru/film/1072547/
359,Supermarsu,Суперсвинка,7,"28.10.2018, 15:15",2018,https://www.kinopoisk.ru/film/988951/
360,Mandy,Мэнди,8,"04.11.2018, 05:50",2017,https://www.kinopoisk.ru/film/1078985/
361,Suspiria,Суспирия,7,"04.11.2018, 05:54",2018,https://www.kinopoisk.ru/film/423063/
362,Acid,Кислота,6,"10.11.2018, 04:01",2018,https://www.kinopoisk.ru/film/1042556/
363,Bohemian Rhapsody,Богемская рапсодия,3,"18.11.2018, 03:41",2018,https://www.kinopoisk.ru/film/568289/
364,Johnny English Strikes Again,Агент Джонни Инглиш 3.0,1,"02.01.2019, 19:32",2018,https://www.kinopoisk.ru/film/1045478/
365,A Dog's Purpose,Собачья жизнь,6,"03.01.2019, 19:22",2017,https://www.kinopoisk.ru/film/571896/
366,Bumblebee,Бамблби,2,"08.01.2019, 00:37",2018,https://www.kinopoisk.ru/film/952241/
367,Spider-Man: Into the Spider-Verse,Человек-паук: Через вселенные,7,"08.01.2019, 00:38",2018,https://www.kinopoisk.ru/film/920265/
368,Green Book,Зеленая книга,5,"01.02.2019, 03:03",2018,https://www.kinopoisk.ru/film/1108577/
369,The Favourite,Фаворитка,8,"05.02.2019, 01:28",2018,https://www.kinopoisk.ru/film/938644/
370,Vertigo,Головокружение,8,"15.04.2019, 17:47",1958,https://www.kinopoisk.ru/film/352/
371,Ayka,Айка,7,"20.04.2019, 01:55",2018,https://www.kinopoisk.ru/film/665107/
372,Sonnenallee,Солнечная аллея,7,"28.05.2019, 00:30",1999,https://www.kinopoisk.ru/film/31239/
373,Victoria,Виктория,8,"03.06.2019, 02:06",2015,https://www.kinopoisk.ru/film/848574/
374,Rocketman,Рокетмен,6,"08.06.2019, 12:06",2019,https://www.kinopoisk.ru/film/627299/
375,The Dead Don't Die,Мертвые не умирают,6,"11.06.2019, 09:22",2019,https://www.kinopoisk.ru/film/1171953/
376,Spider-Man: Homecoming,Человек-паук: Возвращение домой,4,"06.07.2019, 03:26",2017,https://www.kinopoisk.ru/film/690593/
377,Dancer in the Dark,Танцующая в темноте,9,"20.07.2019, 01:01",2000,https://www.kinopoisk.ru/film/646/
378,Once Upon a Time in... Hollywood,Однажды в… Голливуде,8,"18.08.2019, 02:54",2019,https://www.kinopoisk.ru/film/1047883/
379,Vice,Власть,8,"01.09.2019, 21:05",2018,https://www.kinopoisk.ru/film/1044045/
380,Fast &amp; Furious Presents: Hobbs &amp; Shaw,Форсаж: Хоббс и Шоу,6,"04.09.2019, 03:20",2019,https://www.kinopoisk.ru/film/1044450/
381,Leto,Лето,8,"26.10.2019, 03:28",2018,https://www.kinopoisk.ru/film/1009413/
382,Joker,Джокер,6,"01.11.2019, 02:46",2019,https://www.kinopoisk.ru/film/1048334/
383,The Aviator,Авиатор,7,"18.11.2019, 02:20",2004,https://www.kinopoisk.ru/film/6374/
384,Good Time,Хорошее время,7,"26.11.2019, 23:11",2017,https://www.kinopoisk.ru/film/928796/
385,Gisaengchung,Паразиты,7,"04.12.2019, 01:21",2019,https://www.kinopoisk.ru/film/1043758/
386,The Report,Отчёт о пытках,7,"21.12.2019, 23:47",2019,https://www.kinopoisk.ru/film/1133612/
387,Star Wars: Episode IX - The Rise of Skywalker,Звёздные войны: Скайуокер. Восход,3,"22.12.2019, 01:53",2019,https://www.kinopoisk.ru/film/718222/
388,We Need to Talk About Kevin,Что-то не так с Кевином,8,"18.01.2020, 20:27",2010,https://www.kinopoisk.ru/film/465543/
389,Midsommar,Солнцестояние,7,"09.05.2020, 02:47",2019,https://www.kinopoisk.ru/film/1178137/
390,The Godfather,Крестный отец,9,"03.09.2020, 23:34",1972,https://www.kinopoisk.ru/film/325/
391,The Godfather: Part II,Крестный отец 2,8,"10.09.2020, 22:54",1974,https://www.kinopoisk.ru/film/327/
392,Fleabag,Дрянь,9,"03.11.2020, 01:43",2019,https://www.kinopoisk.ru/series/991739/
393,The Imitation Game,Игра в имитацию,4,"03.11.2020, 01:44",2014,https://www.kinopoisk.ru/film/635772/
394,Incredibles 2,Суперсемейка 2,5,"08.11.2020, 21:38",2018,https://www.kinopoisk.ru/film/839650/
395,Enron: The Smartest Guys in the Room,Энрон: Самые смышленые парни в комнате,7,"19.11.2020, 18:37",2005,https://www.kinopoisk.ru/film/93902/
396,Bad Times at the El Royale,Ничего хорошего в отеле «Эль Рояль»,6,"19.11.2020, 18:38",2018,https://www.kinopoisk.ru/film/1047143/
397,The World's End,Армагеддец,8,"28.12.2020, 14:19",2013,https://www.kinopoisk.ru/film/410299/
398,Hot Fuzz,Типа крутые легавые,7,"28.12.2020, 14:19",2007,https://www.kinopoisk.ru/film/93377/
399,Son of a Rich,Холоп,6,"18.01.2021, 10:22",2019,https://www.kinopoisk.ru/film/1183582/
400,The Count of Monte Cristo,Граф Монте-Кристо,7,"12.02.2021, 03:05",2002,https://www.kinopoisk.ru/film/643/
401,Soul,Душа,7,"03.03.2021, 01:15",2020,https://www.kinopoisk.ru/film/775273/
402,Borat: Gift of Pornographic Monkey to Vice Premiere Mikhael Pence to Make Benefit Recently Diminished Nation of Kazakhstan,Борат 2,5,"03.03.2021, 01:16",2020,https://www.kinopoisk.ru/film/1421546/
403,I.T.,Искусственный интеллект. Доступ неограничен,6,"22.04.2021, 01:11",2016,https://www.kinopoisk.ru/film/738189/
404,Ender's Game,Игра Эндера,6,"28.05.2021, 10:43",2013,https://www.kinopoisk.ru/film/568687/
405,Palm Springs,Зависнуть в Палм-Спрингс,6,"02.06.2021, 00:16",2020,https://www.kinopoisk.ru/film/1245524/
406,Persian Lessons,Уроки фарси,7,"06.06.2021, 22:11",2020,https://www.kinopoisk.ru/film/1209777/
407,Time Trap,Ловушка времени,3,"10.06.2021, 00:03",2017,https://www.kinopoisk.ru/film/920040/
408,Censor,Цензор,7,"17.06.2021, 00:47",2021,https://www.kinopoisk.ru/film/1309847/
409,Ninjababy,Ниндзя-ребёнок,5,"17.06.2021, 00:48",2021,https://www.kinopoisk.ru/film/4439362/
410,Legally Blonde,Блондинка в законе,6,"27.06.2021, 00:01",2001,https://www.kinopoisk.ru/film/735/
411,Cruel Intentions,Жестокие игры,7,"27.06.2021, 14:12",1999,https://www.kinopoisk.ru/film/12192/
412,Tucker and Dale vs Evil,Убойные каникулы,7,"06.07.2021, 01:25",2010,https://www.kinopoisk.ru/film/485261/
413,Margin Call,Предел риска,7,"09.07.2021, 20:54",2011,https://www.kinopoisk.ru/film/503671/
414,Mi obra maestra,Шедевр,7,"18.07.2021, 17:03",2018,https://www.kinopoisk.ru/film/1100861/
415,F9,Форсаж 9,5,"19.07.2021, 00:56",2021,https://www.kinopoisk.ru/film/964318/
416,Rosemary's Baby,Ребенок Розмари,8,"25.07.2021, 08:00",1968,https://www.kinopoisk.ru/film/8425/
417,Judas and the Black Messiah,Иуда и чёрный мессия,6,"25.07.2021, 11:35",2020,https://www.kinopoisk.ru/film/1239696/
418,Climax,Экстаз,9,"25.07.2021, 11:39",2018,https://www.kinopoisk.ru/film/1118214/
419,De surprise,Сюрприз,6,"25.07.2021, 11:39",2015,https://www.kinopoisk.ru/film/820220/
420,The Suicide Squad,Отряд самоубийц: Миссия навылет,6,"06.08.2021, 00:48",2021,https://www.kinopoisk.ru/film/1008477/
421,Black Widow,Чёрная Вдова,4,"19.08.2021, 12:03",2021,https://www.kinopoisk.ru/film/823956/
422,Avengers: Infinity War,Мстители: Война бесконечности,6,"19.08.2021, 12:03",2018,https://www.kinopoisk.ru/film/843649/
423,Avengers: Endgame,Мстители: Финал,7,"19.08.2021, 12:04",2019,https://www.kinopoisk.ru/film/843650/
424,Iron Man,Железный человек,8,"25.08.2021, 11:15",2008,https://www.kinopoisk.ru/film/61237/
425,Free Guy,Главный герой,6,"03.09.2021, 22:46",2021,https://www.kinopoisk.ru/film/1199100/
426,Career Opportunities,Возможности карьеры,4,"05.10.2021, 09:29",1991,https://www.kinopoisk.ru/film/13078/
427,Casino Royale,Казино Рояль,8,"21.10.2021, 01:02",2006,https://www.kinopoisk.ru/film/49844/
428,No Time to Die,Не время умирать,6,"27.10.2021, 09:15",2020,https://www.kinopoisk.ru/film/706019/
429,Donnie Darko,Донни Дарко,8,"06.11.2021, 03:02",2001,https://www.kinopoisk.ru/film/410/
430,Wall Street,Уолл-стрит,8,"14.11.2021, 16:49",1987,https://www.kinopoisk.ru/film/2742/
431,Petrov's Flu,Петровы в гриппе,7,"20.11.2021, 16:34",2020,https://www.kinopoisk.ru/film/1263423/
432,Red Notice,Красное уведомление,4,"21.11.2021, 23:20",2021,https://www.kinopoisk.ru/film/1115099/
433,Knives Out,Достать ножи,7,"26.12.2021, 01:35",2019,https://www.kinopoisk.ru/film/1188529/
434,The Gentlemen,Джентльмены,8,"26.12.2021, 14:28",2019,https://www.kinopoisk.ru/film/1143242/
435,Spider-Man: No Way Home,Человек-паук: Нет пути домой,7,"29.12.2021, 22:50",2021,https://www.kinopoisk.ru/film/1309570/
436,Nobody,Никто,5,"07.01.2022, 00:17",2021,https://www.kinopoisk.ru/film/1309596/
437,Cruella,Круэлла,5,"08.01.2022, 00:01",2021,https://www.kinopoisk.ru/film/804662/
438,Retfærdighedens ryttere,Рыцари справедливости,7,"09.01.2022, 01:33",2020,https://www.kinopoisk.ru/film/1345158/
439,The King's Man,King’s Man: Начало,6,"14.01.2022, 09:53",2021,https://www.kinopoisk.ru/film/1045056/
440,Licorice Pizza,Лакричная пицца,8,"16.01.2022, 12:34",2021,https://www.kinopoisk.ru/film/1320623/
441,Don't Look Up,Не смотрите наверх,7,"16.01.2022, 19:06",2021,https://www.kinopoisk.ru/film/1338480/
442,Sing 2,Зверопой 2,7,"21.01.2022, 14:09",2021,https://www.kinopoisk.ru/film/1009142/
443,Eraser,Стиратель,7,"04.02.2022, 02:52",1996,https://www.kinopoisk.ru/film/6018/
444,Toy Story,История игрушек,7,"12.02.2022, 19:49",1995,https://www.kinopoisk.ru/film/482/
445,Skrivánci na niti,Жаворонки на нити,6,"18.02.2022, 23:56",1969,https://www.kinopoisk.ru/film/48788/
446,The Batman,Бэтмен,7,"06.03.2022, 22:00",2022,https://www.kinopoisk.ru/film/590286/
447,Happy Death Day,Счастливого дня смерти,6,"09.03.2022, 22:43",2017,https://www.kinopoisk.ru/film/1012421/
448,Happy Death Day 2U,Счастливого нового дня смерти,6,"11.03.2022, 23:45",2019,https://www.kinopoisk.ru/film/1121425/
449,The Hangover,Мальчишник в Вегасе,7,"11.03.2022, 23:46",2009,https://www.kinopoisk.ru/film/426004/
450,The Hangover Part II,Мальчишник 2: Из Вегаса в Бангкок,4,"11.03.2022, 23:46",2011,https://www.kinopoisk.ru/film/455338/
451,Annette,Аннетт,7,"15.03.2022, 20:21",2020,https://www.kinopoisk.ru/film/1032894/
452,No Country for Old Men,Старикам тут не место,7,"19.03.2022, 14:14",2007,https://www.kinopoisk.ru/film/195434/
453,Burn After Reading,После прочтения сжечь,7,"19.03.2022, 14:14",2008,https://www.kinopoisk.ru/film/309423/
454,Get the Gringo,«Весёлые» каникулы,6,"22.03.2022, 01:45",2011,https://www.kinopoisk.ru/film/492171/
455,Eternals,Вечные,5,"23.03.2022, 18:01",2021,https://www.kinopoisk.ru/film/1198811/
456,The Departed,Отступники,7,"26.03.2022, 14:18",2006,https://www.kinopoisk.ru/film/81314/
457,C'mon C'mon,Камон Камон,7,"28.03.2022, 10:58",2021,https://www.kinopoisk.ru/film/1309501/
458,Mission: Impossible,Миссия: невыполнима,6,"04.04.2022, 19:32",1996,https://www.kinopoisk.ru/film/3961/
459,Mission: Impossible III,Миссия: невыполнима 3,6,"04.04.2022, 19:32",2006,https://www.kinopoisk.ru/film/9552/
460,Mission: Impossible II,Миссия: невыполнима 2,4,"04.04.2022, 19:32",2000,https://www.kinopoisk.ru/film/3447/
461,Les parfums,Мадам Парфюмер,5,"10.04.2022, 01:32",2019,https://www.kinopoisk.ru/film/1347630/
462,Infinite,Бесконечность,5,"10.04.2022, 12:05",2021,https://www.kinopoisk.ru/film/1238476/
463,Fantastic Beasts: The Secrets of Dumbledore,Фантастические твари: Тайны Дамблдора,6,"16.04.2022, 00:31",2022,https://www.kinopoisk.ru/film/843772/
464,Compartment Number 6,Купе номер 6,10,"24.04.2022, 00:07",2021,https://www.kinopoisk.ru/film/1346514/
465,Tenet,Довод,10,"24.04.2022, 00:08",2020,https://www.kinopoisk.ru/film/1236063/
466,Stop-Zemlia,Стоп-Земля,9,"24.04.2022, 18:49",2021,https://www.kinopoisk.ru/film/4381953/
467,Tytöt tytöt tytöt,"Девочки, девочки, девочки",9,"24.04.2022, 18:50",2022,https://www.kinopoisk.ru/film/4775434/
468,Convenience store,Продукты 24,8,"24.04.2022, 18:51",2022,https://www.kinopoisk.ru/film/1311130/
469,The Outfit,Костюм,6,"24.04.2022, 18:51",2021,https://www.kinopoisk.ru/film/4396717/
470,Scheme,Схема,7,"24.04.2022, 18:52",2021,https://www.kinopoisk.ru/film/4858914/
471,Guo chun tian,Пересечение,7,"24.04.2022, 18:54",2018,https://www.kinopoisk.ru/film/1182370/
472,Doctor Strange in the Multiverse of Madness,Доктор Стрэндж: В мультивселенной безумия,8,"05.05.2022, 00:36",2022,https://www.kinopoisk.ru/film/1219909/
473,The Fate of the Furious,Форсаж 8,6,"10.05.2022, 10:36",2017,https://www.kinopoisk.ru/film/894027/
474,The Dressmaker,Месть от кутюр,4,"16.05.2022, 00:29",2015,https://www.kinopoisk.ru/film/762750/
475,Thor: Ragnarok,Тор: Рагнарёк,6,"16.05.2022, 19:15",2017,https://www.kinopoisk.ru/film/822709/
476,Top Gun: Maverick,Топ Ган: Мэверик,8,"01.06.2022, 00:11",2022,https://www.kinopoisk.ru/film/572032/
477,Turning Red,Я краснею,7,"05.06.2022, 01:38",2022,https://www.kinopoisk.ru/film/1238292/
478,Mission: Impossible - Ghost Protocol,Миссия невыполнима: Протокол Фантом,6,"06.06.2022, 13:36",2011,https://www.kinopoisk.ru/film/472362/
479,Knight and Day,Рыцарь дня,8,"23.06.2022, 00:23",2010,https://www.kinopoisk.ru/film/455188/
480,Spiderhead,Спайдерхед,5,"10.07.2022, 00:47",2022,https://www.kinopoisk.ru/film/1450799/
481,Pleasure,Удовольствие,6,"14.07.2022, 09:18",2021,https://www.kinopoisk.ru/film/1163904/
482,Thor: Love and Thunder,Тор: Любовь и гром,7,"15.07.2022, 00:36",2022,https://www.kinopoisk.ru/film/1282688/
483,Harry Potter 20th Anniversary: Return to Hogwarts,Гарри Поттер 20 лет спустя: Возвращение в Хогвартс,3,"15.07.2022, 00:40",2022,https://www.kinopoisk.ru/film/4716622/
484,Dune: Part One,Дюна,9,"15.07.2022, 00:42",2021,https://www.kinopoisk.ru/film/409424/
485,Spider-Man: Far from Home,Человек-паук: Вдали от дома,6,"15.07.2022, 00:43",2019,https://www.kinopoisk.ru/film/1008445/
486,Harry Potter and the Deathly Hallows: Part 1,Гарри Поттер и Дары Смерти: Часть I,6,"15.07.2022, 00:45",2010,https://www.kinopoisk.ru/film/276762/
487,Harry Potter and the Deathly Hallows: Part 2,Гарри Поттер и Дары Смерти: Часть II,6,"15.07.2022, 00:45",2011,https://www.kinopoisk.ru/film/407636/
488,The Lobster,Лобстер,7,"15.07.2022, 00:45",2015,https://www.kinopoisk.ru/film/819846/
489,Due Date,Впритык,6,"15.07.2022, 00:46",2010,https://www.kinopoisk.ru/film/464282/
490,This Means War,"Значит, война",6,"30.07.2022, 01:28",2012,https://www.kinopoisk.ru/film/497233/
491,Nope,Нет,7,"18.08.2022, 21:22",2022,https://www.kinopoisk.ru/film/1447137/
492,Notting Hill,Ноттинг Хилл,7,"12.09.2022, 22:31",1999,https://www.kinopoisk.ru/film/6146/
493,Uncharted,Анчартед: На картах не значится,5,"16.09.2022, 10:10",2022,https://www.kinopoisk.ru/film/468373/
494,The Proposal,Предложение,6,"16.09.2022, 10:13",2009,https://www.kinopoisk.ru/film/321842/
495,While You Were Sleeping,Пока ты спал,7,"25.09.2022, 14:09",1995,https://www.kinopoisk.ru/film/6133/
496,Everything Everywhere All at Once,Всё везде и сразу,8,"29.09.2022, 22:22",2021,https://www.kinopoisk.ru/film/1322324/
497,Honor Society,Общество Онор,6,"24.10.2022, 20:52",2022,https://www.kinopoisk.ru/film/4824231/
498,Black Adam,Чёрный Адам,6,"30.10.2022, 23:28",2022,https://www.kinopoisk.ru/film/1009017/
499,Bullet Train,Быстрее пули,4,"31.01.2023, 21:18",2022,https://www.kinopoisk.ru/film/1392550/